date,rate,review,weekday
25-07-20,5.0,늘 포장은 별로이나 코카콜라만 드시는 어머니를 위해 주기적으로 재구매하고 있어요 한 번에 다 못드셔서 양이 적은 걸로 그리고 뚜껑 있는 미니 페트로 지마켓이랑 여기 네이버,Sunday
25-07-13,5.0,어제 오후 느즈막히 주문했는데 오늘 오전에 배송이 딱 왔네요 엄청 배송 빠르네요  아주 큰 캔은 혼자 마시기가 힘들다고 하셔서 항상 요 사이즈로 구매하는데요 항상 동네에서,Sunday
25-07-19,5.0,학생들 간식으로 구매했어요  저렴하게 살 수 있어서 너무 좋아요!  맛있게 먹고 다음번 간식도 또 주문하겠습니다!,Saturday
25-07-19,5.0,"마음이 답답할때, 소화가 되지 않을때, 그냥 땡길때 자유롭게 마실 수 있도록 사무실에 구비해 놓았습니다! 기나긴 회의에 속이 답답할 때, 점심먹고 소화 안도리때, 입이 심심할때",Saturday
25-07-11,5.0,콜라없인 못사는 가족들 땜에 첨으로 대량 구매했는데 쟁여놓고 마실수 있어서 좋네요 배송빠르고 저렴한 가격에 구매해서 좋아요ᆢ또 구매해야 할거같네요,Friday
25-07-15,4.0,늘 마시던거라 만족합니다만 행사용 기프트는 너무 작아서 실망스럽네요.다음부턴 제대로된거로 쓸수있는거로 부탁드립니다.,Tuesday
25-07-19,5.0,n번째 구매에요  우선 사이즈가 넘 좋아서 남기는거 없이 마실수 있고 배송 가격 최고에요  절대 안떨어지는 콜라에요!!,Saturday
25-06-29,5.0,코카콜라 오리지널은 탄산음료 먹고 싶을때 제일 먼저 생각나는 음료수에요. 포장 꼼꼼하고 유통기한 넉넉하니 믿고 구매하세요.,Sunday
25-07-17,5.0,배송도 빠르고 제품 잘 받아보네요 다음에 또 다시 주문 할게요 감사합니다,Thursday
25-07-20,5.0,여름이라 시원하게 마시려고 샀어요!!  빠른배송 감사합니다!!,Sunday
25-07-11,4.0,더운날씨 배송 감사합니다 코카콜라 맛있어요 좋아요 강추합니다,Friday
25-07-08,5.0,위스키콕 해먹으려고 작은거로 주문했어요. 한캔으로 한두잔 나오고 역시 코카콜라로 만들어야 맛있네요. 몇개 밑에 볼록해져서 왔네요.  더운데 택배로 오니 그런듯..이해하고 잘,Tuesday
25-07-20,5.0,좀 더 큰 용량들이 가격적 혜택이 더 좋지만  이 패키지가 한 번 먹기 딱 좋아  계속 이 사이즈만 주문하고 있어요.,Sunday
25-07-20,5.0,좀 더 큰 용량들이 가격적 혜택이 더 좋지만  이 패키지가 한 번 먹기 딱 좋아  계속 이 사이즈만 주문하고 있어요.,Sunday
25-07-19,1.0,제일 큰거는 멀쩡하고 제일 작은 사이즈는 다 찌그러진걸로 배송왔네요 정말 최악입니다.,Saturday
25-07-21,5.0,제품 넘좋네요 감사합니다 담에또 구입할게요 수고하세욤,Monday
25-07-04,5.0,배송빠르게왔고 터진거없이 잘받았어요  크기가작아서  남기지않고 다마실수있어서  좋으네요,Friday
25-07-16,5.0,주문하고 다음날 바로 받았어요!! 행사기간이라 할인받아서 저렴하게 구매했어요,Wednesday
25-07-19,5.0,늘 재구매 하는 것입니다. 한번먹기 좋은 양에  콜라는 항상 맛있습니다.,Saturday
25-07-07,3.0,아 바로와서 마시려는데 캔이 찌그러져있더라구요 이런거 마셔도 되는지..상태보니 많이 찌그러져있어요 생각 같아선 반품하고싶지만 탹배 왔다갔다 시간걸릴것같아 그냥 마십니다 다음엔,Monday
25-07-20,5.0,콜라 너무 좋아해서 구매했습니다  딱 2컵 정도 나와서 탄산 유지되고 너무 좋아요,Sunday
25-07-19,5.0,용량이 작아서 먹고 싶을때 자주 부담 없이 먹을 수 있어서 너무 좋습니다. 다 먹으면 또 사고 싶을거 같습니다.,Saturday
25-07-20,5.0,매번 여기서 주문합니다 배송도 엄청 빠르고 캔도 찌그러지지 않게 잘 배송되요,Sunday
25-07-17,5.0,배송하면 바로 다음날 와서 좋아요 용량도 좋습니다,Thursday
25-07-17,5.0,코카콜라 190ml 한번에 먹기 딱 적당한 사이즈라 좋아요! 탄산도 괜찮아요,Thursday
25-07-15,5.0,어제 저녁 늦게 주문했는데 오늘 도착했습니다.  빠른배송 감사합니다.,Tuesday
25-07-04,4.0,지금까지도 잘마시고 있어요,Friday
25-07-15,5.0,사이즈가 적당해서 매번 주문해서 잘 마시고 있습니다. 배송 빨라요,Tuesday
25-07-19,5.0,큰어른이 좋아하는 콜라예요 배송빠르고 다 먹어 갑니다,Saturday
25-07-15,5.0,빠른 배송 고맙습니다.  회사에 직원 간식용으로 구매했습니다.  앞으로도 잘 이용하겠습니다,Tuesday
25-07-17,5.0,항상 주문하는 맛 좋은 코카콜라 빠른 배송에 만족합니다.  올 여름도 코카콜라 Summer Week!,Thursday
25-07-15,5.0,저렴한 가격에 좋은 상품 구매해서 감사합니다,Tuesday
25-07-13,5.0,늘 마시는 코카콜라.. 앞으로 이 구매처에서 자주 이용할 것 같아요 감사합니다,Sunday
25-07-20,5.0,배송도 빠르고 좋아요 감사합니다,Sunday
25-07-16,5.0,"자녀들이 자주 섭취하여 항상 구비해두고 즐겨 먹는 콜라의 맛은 이미 널리 알려져 있습니다. 끊을 수 없는 콜라의 매력에, 일단 즐기자요",Wednesday
25-07-06,5.0,역시 콜라는 코카죠.여름엔 시원하게 한잔씩 2박스샀어요.,Sunday
25-07-06,2.0,겉박스 포장없이 와서 캔 하나가 파열돼서 박스 전체가 다 젖어서 캔이 끈적해져서 일일이 헹궈야했습니다.,Sunday
25-07-19,5.0,처음구매했어요 맛이 좋아요,Saturday
25-07-19,5.0,빠르게 잘받았습니다.  사이즈 딱 적당해서 구입했습니다.,Saturday
25-07-05,5.0,조금씩 탄산빠지지않게 마시고 싶어서  제일작은사이즈로 구매했는데 딱좋아요.  벌써 몇개남지않아서 또 재구매합니다,Saturday
25-07-20,5.0,빠른배송 감사드립니다 잘먹겠습니다,Sunday
25-07-13,5.0,급하게주문했는데 일욜에배송되고 넘좋아요. 또들를게요.,Sunday
25-07-15,5.0,배송 정말 짱이예요ㅎㅎ자주 구매하겠습니다,Tuesday
25-07-17,5.0,다음날 배송되는 초고속배송ㅋ짱입니다,Thursday
25-07-18,5.0,사무실용으로 주문하였는데 배송 빠르고 아직 마시지는 못했어요!,Friday
25-07-11,5.0,빠르게 배송해주시고 포장도 꼼꼼하게 잘되어 왔어요. 감사합니다.,Friday
25-07-19,4.0,속천불날때 탄산생각이..그래서 사서 두고 두고 마십니다,Saturday
25-07-20,4.0,배송도빠르고 가격대비괜찮네요,Sunday
25-07-13,5.0,부모님댁에 보내드렸어요. 빠른배송감사합니다.,Sunday
25-07-19,5.0,맛있어요 맛있어요 맛있어요 맛있어요,Saturday
25-07-17,5.0,양이 한번 마시기에 적당한 크기가 좋아요  캔이라 탄산도 좋아요,Thursday
25-07-18,5.0,배송이 빨라요 꾸준히 재구매하고있어요,Friday
25-07-17,5.0,배송 빨리 왔어요! 항상 잘 먹고 있어요,Thursday
25-07-09,5.0,한번에 다 마실수 있어 좋아요..  큰pt병은 끝까지 맞있게 먹기 힘들잖아요..  요즘은 날씨가 디워 더 찾는것 같아요..,Wednesday
25-07-12,5.0,유통기한 넉넉하고 빠르게 도착했습니다,Saturday
25-07-10,5.0,코카콜라 본사에서 와서 그런지 진짜 깨끗한 캔입니다. 내용물도 깨끗하고 맛있습니다,Thursday
25-07-19,5.0,빠른 배송 잘 받았습니다..잘 마시겠습니다..,Saturday
25-07-17,5.0,N번째 구매에요. 배송가격 다 만점입니다!,Thursday
25-07-18,5.0,배송도 빠르고 정말 저렴하게 구매했네요,Friday
25-07-10,5.0,항상 먹는데 용량도 딱 좋고 져렴하게 잘 구매했습니다. 배송도 빠르네요!!,Thursday
25-07-15,5.0,빠른배송 감사합니다 .  잘마시겠습니다.,Tuesday
25-07-17,5.0,계속 재구매하네요. 저렴하게 맛있는 콜라 잘 먹고 있습니다. 앞으로도 가격 올리지 말고 저렴하게 잘 부탁드립니다,Thursday
25-07-19,5.0,전에거 몇개는 부풀었던데 맛은 이상 없는거같아요,Saturday
25-07-16,5.0,항상 만족하며 재주문 하고있습니다!..  좋은 제품 감사합니다..,Wednesday
25-07-05,5.0,"말이 필요없죠.  오리지널 코카콜라!  광팬입니다. 가격 포장 퀵배송, 대만족입니다!!",Saturday
25-07-18,5.0,작은사이즈라 남기지 않고 먹을수 있어요  배송도 하루걸려 엄청 빠릅니다,Friday
25-07-03,5.0,한박스는 처음 구매해 봅니다 190미리라 한번먹기 딱 좋은 양이라 좋아요 페트병은 먹다 남기면 버리고 김빠지면 맛없으니 억지로 먹었는데 한캔 딱 마시면 좋네요,Thursday
25-07-11,4.0,코카콜라는 끊을수가 없다   냉장고에 쟁여두고 마십니다 번창하세요,Friday
25-07-20,5.0,저렴하게 구매해서 좋아요,Sunday
25-07-17,5.0,잘받았습니다 재구매입니다 감사합니다,Thursday
25-07-14,5.0,콜라는 코카콜라에용!! 빠른배송감사합니다,Monday
25-07-17,5.0,냉장고에 넣어두고.  잘 먹고있습니다.  다 먹으면 재구매 하겠습니다.,Thursday
25-07-13,5.0,저렴하게 구입 했어요 잘 먹을게요 배송 빨라요,Sunday
25-06-30,5.0,배불뚝이 재고도 없고 배송도 빠르고 좋아요.  소비기한도 2년이어서 넉넉하고 좋아요.,Monday
25-07-20,5.0,빠른배송 감사합니다,Sunday
25-07-08,5.0,일요일 배송이라니..고생이 많으십니다 정말  덕분에 토요일 저녁에 시키고 일요일에 받았습니다,Tuesday
25-07-17,5.0,가격좋고 배손빠른데 포장만 좀더 이중포장하면 좋겟어요,Thursday
25-07-19,5.0,항상 빠른 배송과 안전하게 도착했어요,Saturday
25-07-17,5.0,파손없이 잘 도착 하였고 여름에 시원하게 잘 마시고 있습니다,Thursday
25-07-20,5.0,말모말모 이제 몇번째 리뷰인지 항상애용합니다,Sunday
25-07-14,5.0,한번에 마시기가 너무 좋아요  남기는 것 보다는!!  한번에 쭈욱,Monday
25-07-19,4.0,배송이 빠르고 좋아요,Saturday
25-07-17,5.0,오래 전부터 늘함께했던 코카 역시 최고에요,Thursday
25-07-09,5.0,조금씩 시원하게 마실수 있어서 좋아요  빠른배송도 맘에 듭니다,Wednesday
25-07-11,5.0,배송 빨라요.  떨어질때쯤 주문하면 바로 다음날 도착합니다.,Friday
25-07-16,5.0,빠른 배송 감사합니다  시원하고 좋네요,Wednesday
25-07-16,5.0,배송 빠르고 저렴하게 구매했습니다,Wednesday
25-07-19,5.0,빠른 배송 감사합니다,Saturday
25-07-13,5.0,배송도 빠르고 저렴하게 잘샀어요,Sunday
25-07-18,5.0,최애 콜라 너무 맛있어요,Friday
25-07-17,5.0,공식몰이 다른곳보다 더 비싼건 아쉽네요ᆢ,Thursday
25-07-14,4.0,배송은 빨랐으나 기존과 달리 지정된 곳이 아닌 다른 곳으로 배송되었습니다,Monday
25-07-17,5.0,아주 맛있습니다 최고입니다,Thursday
25-07-13,5.0,더운여름 시원한 콜라와함께..일요일 배송도 넘 좋네요,Sunday
25-07-12,5.0,포장이 깔끔하고 배송이 빠릅니다. 제품도 만족합니다.,Saturday
25-07-20,5.0,당일 배송이라 더 좋네요,Sunday
25-07-12,5.0,잘 받았습니다 제로 마시다보면 자꾸 오리지날이 떠올라서 포기를 못하겠네요,Saturday
25-07-13,5.0,빠른 배송 감사한데 몇몇 캔 및부분이 부푼게 있는데 불량은 아니니 뭐ㅎㅎ,Sunday
25-07-19,5.0,만족합니다 다음에 또 시킬게요,Saturday
25-07-15,3.0,맛있습니다. 콜라 중독이네요,Tuesday
25-07-09,5.0,아이가 콜라를 좋아 해서  매번 구입합니다  한번에 먹기 좋은 190ml 아주 좋아요!!,Wednesday
25-07-20,5.0,잘 받았습니다 많이 파세요,Sunday
25-07-14,5.0,배송빠르고 맛 좋지만 다섯개정도는 캔이 찌그러져서 왔네요,Monday
25-07-15,3.0,배송은 빨라서 좋았으나 캔이 5개나 찌그러져 있어요,Tuesday
25-07-10,5.0,냉장고에 늘 쌓아두고 마시는편이에요.  190ml라서 갈증날때 두세모금마시기 딱 적당해서  좋아요,Thursday
25-07-04,5.0,배송도 빠르고 너무 좋아요  자주 시켜 먹을거 같아요  날더운날 좋습니다,Friday
25-07-19,5.0,항상 먹는 음료 감사합니다,Saturday
25-07-15,5.0,자주 주문해 먹지만 항상 빠른배송에  고맙습니다,Tuesday
25-07-18,5.0,회사에서 직원들과 잘 먹었습니다.,Friday
25-07-13,5.0,코카콜라가 젤맛있요  적어서 한본에 마사기 좋아서 이걸로 구매함 담날바로 배송옴,Sunday
25-07-14,5.0,항상 잘 먹고 있어요  벌써 달 떨어져 가서 또 재구매를 해야하네요  여름엔 너무 금방 금방 떨어지는것 같네요.  역시 탄산 음료는 코카콜라가 최고인거 같아요,Monday
25-07-11,5.0,콜라 많이 못 먹는 저희 가족은 이거 주기적으로 시키면 너무 잘 먹어요,Friday
25-07-16,5.0,펩시보다 맛있는거 같아서 구입했습니다,Wednesday
25-07-16,5.0,직원들이 현장서 드시는데 아주 좋습니다,Wednesday
25-07-09,5.0,먹고 싶을때마다 꺼내먹고 좋아요. 편의점 안가서 좋아요,Wednesday
25-07-18,5.0,배송 빠르고 제품 이상 없어요,Friday
25-07-09,5.0,배송빠르고 좋아요 여름에 시원하게 마실듯요,Wednesday
25-07-13,5.0,벌써 3번째 주문했어요  자주 애용하는  음료ㅡㅡ  후딱 먹고 또 올게요,Sunday
25-07-04,5.0,새벽에  배송이 되어 아침부터 시원하게 마실 수있었네요  감사합니다,Friday
25-07-03,5.0,늘 주문하는 상품입니다.가격도 적당하고 한번에 마시기 좋은 크기네요,Thursday
25-07-16,5.0,빠른배송 감사합니다,Wednesday
25-07-16,5.0,배송도 빠르고 좋아요,Wednesday
25-07-14,5.0,너무 너무 빠른배송.헉.  잘먹겠습니다.,Monday
25-07-10,5.0,매달주기적으류묵어요제가아주좋아하지요,Thursday
25-07-17,5.0,속이 더부룩할때 마시면 쑤욱 내려갑니다,Thursday
25-07-17,5.0,한번마시기  딱좋은양입니다  얼음 넣어서 마시기에,Thursday
25-07-09,5.0,미니콜라캔좋아요. 한번에 마시기편하고,Wednesday
25-07-07,5.0,맛있고 배송도 빨라요 좋습니다 할인 자주 해주세요,Monday
25-07-12,5.0,좋아요 음료는 역시 콜라죠,Saturday
25-07-17,5.0,항상 애용하는 제품입니다,Thursday
25-07-09,5.0,먹기좋아요또 구매  예정입니다,Wednesday
25-07-10,5.0,배송 빠르고  맛나고 가성비 좋아요,Thursday
25-07-16,5.0,좀 일찍 주문했더니 당일 배송 받았어요!!,Wednesday
25-07-18,5.0,빠르게 잘 도착했어요,Friday
25-07-16,5.0,저렴하게 잘 샀어요,Wednesday
25-07-18,5.0,저렴하게 잘구매했어요.,Friday
25-07-20,5.0,저렴하고 ..맛있어요,Sunday
25-07-19,5.0,저렴하게 잘샀습니다,Saturday
25-07-20,5.0,코카콜라는 사랑이죠,Sunday
25-07-12,5.0,배송 빨라요 포장 잘 되어 있어요,Saturday
25-07-10,5.0,이게 한번 마시기 사이즈가 적당해요  감사합니다,Thursday
25-07-16,5.0,가격도 좋고 맛도 좋아요,Wednesday
25-07-03,5.0,"역시 코카콜라ㅋ작아서 한번먹기 좋아요,!",Thursday
25-07-18,5.0,좋아요 재주문 예정,Friday
25-07-16,4.0,잘 받았습니다 수고하세요,Wednesday
25-06-23,5.0,일단 사이즈가 딱입니다.  술을 못마시는 저에게  최애 음료이네요  조만간 제 주문 할꺼에요.,Monday
25-07-17,5.0,여름에는 탄산이 최고,Thursday
25-07-03,4.0,코카콜라 비닐로 꽁꽁 싸매서 포장하고 배송도 하루만에 빠르게 왔네요. 코카콜라 맛있죠,Thursday
25-07-15,5.0,항상 만족스럽게 잘 쓰고 있어요,Tuesday
25-07-09,5.0,자주 구매하는 제품입니다.  사이즈도 적당하고 좋아요,Wednesday
25-07-16,5.0,빠른배송 열자이상쓰기,Wednesday
25-07-18,5.0,콜라를 좋아해서 쟁여놔요,Friday
25-07-09,5.0,매달 정기결제로 해서 먹는데 배송도 빠르고 좋아요!,Wednesday
25-07-13,5.0,잘받았습니다 감사합니다,Sunday
25-07-08,5.0,배송이 빨라요 가성비도 좋아요,Tuesday
25-07-14,5.0,매번 빠른 배송 감사합니다,Monday
25-06-14,3.0,배송빨라요.늘제구매합니다.우리집은콜라사랑매번두박스씩구매합니다. 또사러올께요.감사합니다.,Saturday
25-07-15,5.0,여름은 뭐니뭐니해도 탄산이 최고죠,Tuesday
25-07-14,5.0,매번 재구매해서 맛있게 먹고 있어요,Monday
25-07-17,5.0,신랑놈 콜라에 미치어 샀읍니단,Thursday
25-07-16,5.0,배송 빠르고 좋습니다,Wednesday
25-07-16,5.0,배송 빠르고 좋습니다,Wednesday
25-07-11,5.0,배송빠르고 저렴하게 잘 구매했어요.,Friday
25-07-10,4.0,한번에 먹기 좋은 크기ㅋ좋아요ㅋ,Thursday
25-07-11,5.0,저녁에 시켰는데 다음날 바로 배송돼서 좋아요,Friday
25-07-15,5.0,빠른배송감사합니다,Tuesday
25-07-08,5.0,자주구매합니다. 작아서 먹기 딱 좋아요,Tuesday
25-07-18,5.0,항상구매하는 코카콜라,Friday
25-07-14,5.0,남기지 않고 마실 수 있는 딱 좋은 사이즈예요.,Monday
25-07-13,5.0,배송도 빠르고 좋아요,Sunday
25-07-16,5.0,잘먹겟습니다.  다음에도 구입 할게요,Wednesday
25-07-19,5.0,언제나 코카콜라좋네요,Saturday
25-07-19,5.0,배송이빠르네요..,Saturday
25-07-17,5.0,방학시작인데 잘산듯싶어요.,Thursday
25-07-09,5.0,만족해요 배송도 빨라요,Wednesday
25-07-16,5.0,배송도 빠르고 저렴하게 할인해서 구매해서 좋았어요. 배송시 파손이나 찌그러진 부분도 없었수요,Wednesday
25-07-10,5.0,배송빠르고 역시 코카콜라 좋아요,Thursday
25-07-15,5.0,작아서 한번에먹기편리 재주문햇어요,Tuesday
25-07-03,5.0,빠른배송 감사합니다.  번창하세요,Thursday
25-07-07,5.0,배송 최곱니다  최애음료입니다.,Monday
25-07-04,5.0,마시기 좋은 사이즈라 자주 주문하는데 집에서 느끼한음식 먹을때 꺼내먹으니 좋더라고요.,Friday
25-07-15,5.0,배송빠르고 저렴합니다,Tuesday
25-07-10,5.0,지인분께 선물로드렸습니다.  더운데 속이 시원하다고 말씀하시네요.,Thursday
25-07-10,5.0,상품잘받았습니다 감사합니다,Thursday
25-07-05,5.0,배송빨라서 좋아요굿,Saturday
25-07-12,5.0,감사합니다 잘받았어요,Saturday
25-07-10,5.0,넘 더워서 그러나.. 캔 모양이 좀 이상하게 배송이 되었네요,Thursday
25-06-23,5.0,라이브에서 첫구매 했어요. 방송도 너무 재밌었고 공홈이라서 믿음가고 배송도 하루만에 오고 포장도 먹음직 스럽게 아주 맘에 듭니다,Monday
25-06-28,5.0,빠른 배송 감사합니다  다만 다음에는 박스 포장도 좀 해주셨으면 좋겠습니다,Saturday
25-07-15,4.0,콜라의 자신감이 엿보이는 퍼포,Tuesday
25-07-10,5.0,콜라 사이즈 작아서 딱 좋아요,Thursday
25-07-12,5.0,빠른배송 감사합니다.,Saturday
25-07-17,5.0,자주 재구매하고 있어요,Thursday
25-07-15,5.0,콜라입니다 말이 필요하나요,Tuesday
25-07-02,5.0,콜라는 역시 코카콜라고 오리지널이 짱이죠  역시 1인가정이라 작은 사이즈가 빨리 없어져요 6개 남았나?,Wednesday
25-07-16,5.0,소진되기전 주문 재주문,Wednesday
25-07-02,5.0,배송도 무지 빠르네요  더운 여름에 한캔씩 마시기에  적당한 용량입니다  연세 드신 어머니께서도  간식시간에 매일 드시네요,Wednesday
25-07-09,4.0,양두적당하고자주구매하고있어요  감사합니다,Wednesday
25-07-16,5.0,역시 콜라는 코카콜라인것같아요!!,Wednesday
25-07-09,5.0,배송도 빠르고 제품도 맘에 듭니다. 많이 파세요..,Wednesday
25-07-18,5.0,딱종이컵한컵.조은사이즈,Friday
25-07-18,5.0,늘 잘 마시고 있어요.,Friday
25-07-09,5.0,손님들 올때 하나씩 꺼내주니 조아라합니다,Wednesday
25-07-18,5.0,잘 마시고 있습니당!,Friday
25-07-15,5.0,배송 잘 받았습니다.,Tuesday
25-07-14,5.0,빠르게 잘 도착했어요,Monday
25-07-10,5.0,배송이 아주 빨라서 좋아요,Thursday
25-06-03,4.0,정말 빨리왔어요 그런데 포장상태가 꾀많이 찢어졌어요 어쩔수없지요 감사합니다,Tuesday
25-07-20,5.0,너무좋아요감사합니다 번창하세요또사고싶어요짱짱,Sunday
25-07-14,5.0,역시 콜라는 코카콜라 맛있어요,Monday
25-07-11,5.0,배송빠르고 물건 좋아요.,Friday
25-07-05,5.0,190 양이 딱좋아요 코카콜라 최고,Saturday
25-07-19,5.0,배송 빨라요,Saturday
25-07-09,5.0,언제나 배송빠르고 맛나네요,Wednesday
25-07-09,5.0,역시 배송도 빠르고 맛있어용,Wednesday
25-07-13,5.0,저렴 하게 잘먹고 잇습니다.,Sunday
25-07-05,5.0,배송도 빠르고 좋아요 감사합니다,Saturday
25-07-04,5.0,빠른배송 감사합니다.  잘마실께요,Friday
25-06-22,1.0,뭔가 잘못 된거 같아요 오픈 할때 탄산 소리도 없어 이상 했어요 맛은 역시 탄산이 없는 맛이 였어요 뭐가 문제 일까요,Sunday
25-07-05,5.0,여름에 한박스 사놓고 시원하게 해놓고 퇴근하고 한캔하면 기분이 좋아집니다.,Saturday
25-07-03,5.0,"공식몰 구매가 답이네요. 찌그러진 캔도 없고, 유통기한도 2027년으로 아주 넉넉합니다.",Thursday
25-07-08,5.0,자주 구매합니다  가격도 적당하고 배송도 안전하게 옵니다,Tuesday
25-07-02,5.0,빠른배송감사합니다  다른곳보다 저렴하게 샀어요,Wednesday
25-07-09,5.0,한번먹고 남기지않고 치우기 좋은 사이즈라 쟁여두고 먹고 있어요,Wednesday
25-07-14,5.0,떨어지지않게 구매하비니다,Monday
25-07-14,5.0,좋아요 잘 먹었어요,Monday
25-07-02,5.0,울집 두남자들 탄산음료에 푹빠져있어  수시로 주문합니다  직영점에서 오니 믿을수있어요,Wednesday
25-06-26,5.0,항상 잘 왔는데 이번엔 모서리에 찍혀서 몇캔이 찌그러져서 왔네요. 항상 잘먹고 있습니다.,Thursday
25-07-09,5.0,유통기한 넉넉하고 잘배성 되어 왔네요,Wednesday
25-07-15,5.0,콜라는 코카콜라죠 너무 맛잇죠,Tuesday
25-07-15,5.0,"콜라는 떨어지면 아니됩니다,,",Tuesday
25-07-17,5.0,잘 받았습니다,Thursday
25-07-04,5.0,누구나 내외국인 남녀노소 다 좋아하는 콜라! 사무실 냉장고에 떨어지지 않게 항상 챙겨 놓고 있어요,Friday
25-07-02,5.0,좋은가격에 좋은제품 잘구매했네요 굿초이스 굿,Wednesday
25-06-16,5.0,일요배송으로 되어있어 토요일 16시쯤 주문했는데 정말 일요일에 배송받았네요! 외출하고 돌아왔더니 현관앞에!  중간 중간 배송안내 메세지도 받게 되어 아주 기분좋은 구매가 되었네요!,Monday
25-07-09,5.0,한번에 마시게 좋은 사이즈라 좋습니다,Wednesday
25-07-17,5.0,콜라가 리뷰가 필요한가?,Thursday
25-07-07,5.0,싸고 빠른 배송에 만족합니다  여름나기에 필수품입니다,Monday
25-07-11,5.0,탄산이 많아서 너무 좋아요,Friday
25-07-09,5.0,배송포장좋아요 재구매,Wednesday
25-07-10,5.0,탄산이 오래 유지돼서 맛나요,Thursday
25-07-11,5.0,맛있어요 좋아용,Friday
25-07-08,5.0,용량도 적당하고 포장도 꼼꼼하게 배송 상태도 만족합니다,Tuesday
25-07-10,5.0,빠른 배송 감사합니다.,Thursday
25-07-05,5.0,배송빠르고 저렴하게 잘샀어요,Saturday
25-07-12,5.0,"포장, 배송 모두 만족입니다.",Saturday
25-07-16,5.0,맛있습니다  굿,Wednesday
25-06-17,5.0,유통기한 넉넉하고 배송 빨라요 여기도 코크직영인데 유통업체마다 배송오는게 다른게 좀 아쉽지만 터져도 재배송바로 해주셔서 만족합니다,Tuesday
25-07-10,5.0,배송 빠르고 좋아요,Thursday
25-07-03,5.0,피자나 치킨 간식에 꼭 필요한 우리집 콜라 역씨 콜라는 코카콜라가 짱입니다요,Thursday
25-07-10,5.0,탄산도 좋고 한 번먹는 양 좋아요.,Thursday
25-07-13,5.0,한번에 먹기 좋은양입니다,Sunday
25-07-09,5.0,빠른배송 감사합니다,Wednesday
25-07-08,5.0,빨라요 자주 이용할게요,Tuesday
25-07-08,5.0,샀던기록있어여 다른거 찾기 귗낳으니 여기서 사는중,Tuesday
25-07-17,5.0,다 마시고 없어요,Thursday
25-07-11,5.0,본가에 보냈는데 잘 도착한거 같네요,Friday
25-07-13,5.0,재구매 적당히 잘 먹어요,Sunday
25-07-03,5.0,다량으로 살때 좋아요 사이즈가 작아서 딱이에요,Thursday
25-07-11,5.0,캔콜라 시원해서 좋아요,Friday
25-07-12,5.0,피티병보다 더 좋은것 같아요,Saturday
25-07-07,5.0,배송도 빠르고 가성비 너무나 만족합니다,Monday
25-07-09,5.0,한번에 먹기 딱 좋아서 쟁여두고 먹고 있어요,Wednesday
25-07-16,5.0,완벽해요 좋아요..,Wednesday
25-06-24,5.0,배송도 빠르고 맛있어요 코카콜라가 젤 입에 맞습니다,Tuesday
25-07-12,5.0,더운 무더위 시원한 콜라한켄,Saturday
25-06-25,5.0,딱 정당한 량인듯 해서 자주 구매해두는 편이예요  포장부분이 아쉽지만 잘 받았습니다,Wednesday
25-07-04,5.0,배송도 빠르고 저렴하게 잘 구매했습니다,Friday
25-07-10,5.0,배송 빠르게 잘 받았습니다,Thursday
25-07-11,5.0,쟁여넣고 먹기에 제일좋은 제품,Friday
25-07-08,5.0,재구매 입니다  양이 적당해서 좋습니다 시원한 여름,Tuesday
25-06-27,5.0,저렴하게 잘 샀어요재구매 의사있습니다,Friday
25-07-06,5.0,항사이셔먹는곳이에요. 감사햅니다.,Sunday
25-07-09,5.0,항상 잘 이용하고 있습니다,Wednesday
25-07-10,5.0,한 모금 마시고 싶을 때 마시기 좋아오.,Thursday
25-07-17,5.0,너무좋아요감사합니다 번창하세요또사고싶어요짱짱,Thursday
25-07-08,5.0,빠른 배송 감사합니다.,Tuesday
25-07-04,5.0,사이즈 딱 좋아요  번창하세요,Friday
25-07-08,5.0,배송빠르고 가격이착합니다,Tuesday
25-07-05,5.0,가성비 좋은 상품이예요 쟁여놓고 쓰고 있어요,Saturday
25-07-15,5.0,빠른배송 좋아요  안찌그러져서 왔네요  사이즈도 한번에 먹기 너무 좋아요,Tuesday
25-06-29,5.0,배송 빠르네요. 토요일 저녁에 주문해서 일요일 오전에 받았습니다.,Sunday
25-07-10,5.0,다먹고 또 주문했습니다,Thursday
25-07-10,5.0,잘 도착했고 빠릅니다,Thursday
25-07-03,5.0,자주시켜요 그냥 삽니다 저렴하고 좋아요,Thursday
25-07-13,5.0,자주애용하고있습니다!!,Sunday
25-07-13,5.0,항상 쟁여두고 먹네요.,Sunday
25-07-08,5.0,찌그러진 부분없이 안전하게 잘 배송됐어요,Tuesday
25-07-04,5.0,여름이라 음료수 많이 먹어 구입했어요  배송 빠르네요,Friday
25-06-21,5.0,주문 하루 만에 바로 왔네요 빠른 배송 좋은 상품 감사 함니다,Saturday
25-06-17,5.0,캔콜라 좋아하는데 배송도 빠르고 한번에 꺼내먹기 좋은 용량이라 좋아요. 항상 맛있게 먹고있습니다,Tuesday
25-06-25,5.0,맛있게 잘 먹고있어요  더울때 갈증해소로는 짱입니다  소량이라 버려지는거없이 꿀꺽,Wednesday
25-07-04,5.0,무더운 여름 콜라만한게 없죠  시원하게 마시니 너무 좋아요,Friday
25-07-10,5.0,"빠른 배송에 그저 웃지요,",Thursday
25-06-27,5.0,빠른 베송과 꼼꼼한 포장 감사드립니다.,Friday
25-07-08,5.0,쟁여놓고먹습니다ㅎㅎ  굿굿,Tuesday
25-07-09,5.0,비상식량 확보 너무좋네요,Wednesday
25-07-06,5.0,작고 딱 한끼간식으로  새롭게  한캔씩 너무 좋아요,Sunday
25-06-12,5.0,남편이 콜라를 아주좋아해요 냉장고에 꼭 쟁여놓고 먹어요 맛있고 용량도 한번먹기 좋아요,Thursday
25-06-26,5.0,역시 배송하난 최고네요  잘 받앗습니다 감사합니다,Thursday
25-07-11,5.0,잘 받았습니다 잘마실께요,Friday
25-07-10,3.0,캔 바닥이 찌그러져서 왔어요,Thursday
25-07-08,5.0,항상사용하던 제품 입니다,Tuesday
25-07-06,5.0,파손 없이  빠른 배송  감사합니다,Sunday
25-07-06,5.0,빠른배송 감사합니당 재구매할게요,Sunday
25-07-12,5.0,항상 쟁여 놓고 먹어요.,Saturday
25-07-15,5.0,너무좋아요감사합니다 번창하세요또사고싶어요짱짱,Tuesday
25-07-07,5.0,빠른 배송 감사합니다,Monday
25-06-23,5.0,한번에 먹기에 딱 좋은양이라 좋아요.  캔콜라는 탄산도 풍부하고 먹기 편해서 아주 좋아요,Monday
25-07-13,5.0,"빠른배송 감사 ..,",Sunday
25-07-04,5.0,전에 산거 다 먹고 다시 재구매 했습니다.  요녀석 콜라 집에 필수품이에요,Friday
25-07-15,5.0,콜라는 역시 코카콜라죠,Tuesday
25-07-14,5.0,모두가  좋아해요 느끼한거 먹고 나면 생각나는 맛,Monday
25-07-12,5.0,우리집 정기 구매템,Saturday
25-07-10,5.0,콜라는못참지.. 이걸 어케 끊으리,Thursday
25-07-10,5.0,한번먹기좋은 사이즈에요,Thursday
25-07-11,5.0,빠른배송 좋네요,Friday
25-06-23,5.0,꾸준히 주문하는 탄산입니다 작은양이라 마시기 편해요 배송빨라서 좋습니다,Monday
25-07-09,4.0,배송 빠르게 잘왔어요.,Wednesday
25-06-28,5.0,가격이 비싸져서 아쉽지만 배송빠르고 좋아요,Saturday
25-07-08,5.0,배송이 아주 빠릅니다,Tuesday
25-07-06,5.0,항상 맛있게 잘 마시고 있습니다,Sunday
25-07-08,5.0,맛있어서 계속 시켜요,Tuesday
25-07-08,5.0,항상 맛있는  코카콜라,Tuesday
25-07-06,5.0,싸게 잘구매했네요 좋아요,Sunday
25-07-12,5.0,늘 주문해 잘 마시고 있어요ㆍ,Saturday
25-07-09,5.0,빠른배송감시합니다.,Wednesday
25-07-06,5.0,배송도 빠르고 찌그러진거 하나 없이 깔끔하게 배송되어 왓어요. 다른곳에선 밑부부이 다 볼록해진게 와서 세워지지도 않고 불편했었거든요. 모두 좋네요.,Sunday
25-07-10,5.0,항상먹는거라 좋습니다,Thursday
25-07-15,5.0,공홈에서 너무나 자주 주문해서 먹어요 배송이빨라좋아요,Tuesday
25-07-09,5.0,항상 잘 먹고있습니다.,Wednesday
25-07-04,5.0,좋아요 재구매하고싶어요,Friday
25-07-08,5.0,만족합니다 좋습니다,Tuesday
25-07-08,5.0,배송이 진짜 빠릅니다,Tuesday
25-07-09,5.0,배송이 빨라서 좋습니다,Wednesday
25-07-07,5.0,배송빠르고 좋아요!!,Monday
25-07-07,5.0,자주 구매합니다 작은 용량이  딱 좋아여,Monday
25-07-12,5.0,배솤굿굿 맛도굿굿!,Saturday
25-07-11,5.0,조금 ㅉㅣ그러진게 있는데 상품에는 문제없네요.,Friday
25-07-07,5.0,잘 받았습니다 많이파세요,Monday
25-07-08,4.0,빠른 배송이 좋았습니다.,Tuesday
25-07-09,5.0,시원하게 간식으로 먹고있어요!,Wednesday
25-07-10,5.0,항상 즐겨마시고 있어요,Thursday
25-07-05,5.0,원캔원샷  콜라는 190ml  캔이  한번에 마시기에  좋아요,Saturday
25-07-08,5.0,중독되었음..  딱 적당한 양 190ml,Tuesday
25-07-16,5.0,우리집 늘 쟁겨놓고 먹는 콜라쓰!!  이녀석 없음 허전할 정도로 냉장고에 늘 구비해놓고 있네요!  맛도,Wednesday
25-06-29,5.0,엄마가 좋아하셔서 주문해드렸어요  빠른배송 감사해요,Sunday
25-07-02,5.0,항상 먹던거 재 구매합니다.  감사합니다.,Wednesday
25-07-06,5.0,배송이 빨라서 좋아요,Sunday
25-07-02,5.0,빠른 배송 감사합니다  잘 먹을께요,Wednesday
25-06-30,5.0,집에 항상 쟁여둡니다 생각날때 시원하게 한입콜라 하기에 딱 좋아요,Monday
25-07-01,5.0,사무실에서 마시려고 구매 했는데 사이즈가 딱이예요,Tuesday
25-07-02,5.0,사무실 간식으로 1번에 먹기 좋은 용량으로 구매했구요 항상 먹던맛 맛있죠,Wednesday
25-07-05,5.0,빠른배송감사합니다.,Saturday
25-07-20,5.0,미니한 용량. 저렴하게 잘 구입했어요.,Sunday
25-07-03,5.0,배송도빠르고 좋은 가격에 대량 구매했어요!,Thursday
25-07-03,5.0,배송빠르고 좋아요 또 올께요,Thursday
25-07-07,5.0,빠르게 잘 도착했어요,Monday
25-07-07,5.0,빠르게 잘 도착했어요,Monday
25-07-18,5.0,감사합니다. 맛있게 잘 먹었습니다.,Friday
25-07-04,5.0,여름 이라많이먹게됩니다좋아요,Friday
25-06-29,5.0,빠른 배송 좋아요 가볍게 먹기 좋은 양이라 자주시켜요,Sunday
25-07-09,5.0,양많고 잘 먹어요 재구매,Wednesday
25-06-29,5.0,요사이즈가 한번에 먹기 딱이예요  왜인지모르겠는데 피티보다 캔이 더 탄산이 엄청난거같죠,Sunday
25-06-17,5.0,배송도 빠르고 저렴하게 잘 구매했습니당 앞으로도 계속 구매할게용 배송도 빠르고 저렴하게 잘 구매했습니당 앞으로도 계속 구매할게용,Tuesday
25-07-02,5.0,배송빠르고 시원하고 맛있어요,Wednesday
25-07-09,5.0,이전에 마시던 거였습니다.,Wednesday
25-07-06,5.0,올여름 시원한 콜라로 버텨볼랍니다,Sunday
25-06-24,5.0,190ml 라서 먹기 편해요 페트병으로 사면 나중에 김빠진 콜라가 되는데 항상 새것 먹는 느낌이네요,Tuesday
25-07-04,5.0,배송 빠르고 좋아요,Friday
25-07-16,5.0,갓성비 최고 입니다  포장도 아주 잘되어서 오고  맛도 아주 좋습니다,Wednesday
25-07-02,5.0,배송은 늦엇지만  잘받았습니다,Wednesday
25-06-29,5.0,배송 엄청 빨라요 코카 콜라 고고,Sunday
25-07-01,5.0,배송도 빠르고 상품도 좋아요,Tuesday
25-07-06,5.0,꼼꼼하게 잘왔습니다,Sunday
25-07-05,5.0,본사직영몰로 해서 담날 바로  받았어요,Saturday
25-07-02,5.0,배송빠르고 상품도좋아요,Wednesday
25-07-09,5.0,가족들이 잘마십니다.,Wednesday
25-07-02,5.0,부장님이 좋아하시는 콜라입니다  늘 주문 해드리고 있네요,Wednesday
25-07-02,5.0,좋습니다  다음에도 구매할게용,Wednesday
25-06-22,5.0,배송빠르고 좋아요옹 사이즈 적당하고 마시기좋아요엉 굿굿,Sunday
25-07-07,5.0,늘 사오건거라.. 딱히 불만 없어요,Monday
25-06-21,5.0,배송빠르구요 포장도 꼼꼼해요 아이들이 좋아해요,Saturday
25-07-02,5.0,저렴한 가격으로 시원하게 잘 마셨습니다,Wednesday
25-07-06,5.0,신나게 맛이게 먹고 또 먹고 나니 또 사야해요,Sunday
25-07-15,5.0,맛있어여,Tuesday
25-07-17,5.0,감사합니다. 사업 번창하시길,Thursday
25-07-20,5.0,좋은상품 잘받았습니다 감사합니다,Sunday
25-07-18,5.0,"정기적으로 구매하는데, 딱 적당한 양의 콜라라서  마음에 듭니다",Friday
25-07-16,2.0,캔이 다 찌그러져 배송되었어요  세워지지가 않네요,Wednesday
25-07-04,5.0,빠른 배송 좋아요,Friday
25-06-29,5.0,배송이 빠르고 사이즈가 적당합니다,Sunday
25-07-03,5.0,한번에 마실 수 있는 양이 알맞아 주문했습니다,Thursday
25-07-02,5.0,빠른 배송 감사합니다,Wednesday
25-07-05,5.0,제일 저렴하고 맛나요,Saturday
25-07-03,5.0,계속 주문하고 있습니다.  맛있어요,Thursday
25-07-11,3.0,살짝 탄산이 약한감이 있지만 잘먹고 있어요. 싸게 구매했으니 그정도는 감수합니다,Friday
25-06-12,5.0,느끼함을 한방에 잡아주는건 역시 콜라에요 다른곳에서 샀을땐 캔이 다 찌거리고 캔이 터져서 난리도 아니었는데 너무 깨끗하게 포장되어 하나도 손실없이 왔어요,Thursday
25-07-04,5.0,190ml 사이즈가 먹기 젤 좋은 사이즈라 좋아요 굿굿,Friday
25-07-02,5.0,항상 만족해서 여기만 이용합니다.,Wednesday
25-07-12,4.0,믿고먹느  코카콜라 정말 좋아요..  탄산 마니아는 최애 상품이죠..,Saturday
25-07-15,5.0,배송 빠르고 좋아요  항상 먹던거라,Tuesday
25-07-13,5.0,한 번 마시기에 적당한 양이라 좋습니다. 냉장고에 넉넉히 넣어두니 좋네요,Sunday
25-07-04,5.0,좋습니다 또 구매할께요,Friday
25-06-28,5.0,좋아요맛있어요시원해옷,Saturday
25-07-12,5.0,항상 잘 맛있게 마시고 있어요.감사합니다.,Saturday
25-07-02,5.0,배송도 빠르고 좋아요b,Wednesday
25-07-13,5.0,사무실용.사이즈도 좋고 좋아요0,Sunday
25-07-02,4.0,재구매 합니다 탄산 좋고 좋아요,Wednesday
25-07-08,5.0,고맙습니다. 잘 마실게요,Tuesday
25-07-04,5.0,잘 먹겠습니다 감사합니다,Friday
25-07-02,4.0,배송이 빨라서 좋아요,Wednesday
25-07-19,5.0,"가격도 좋고, 사무실용으로 사이즈도 좋아요",Saturday
25-07-08,5.0,자주 주문하고있어요!!,Tuesday
25-07-04,5.0,저렴하게 구입했어요,Friday
25-07-02,5.0,항상 쟁여놓고 무더운 요즘 시원하게 한잔합니다,Wednesday
25-06-29,5.0,배송빠르게 깔끔하게 배달완료입니다  잘마실께요,Sunday
25-06-23,5.0,주기적으로 시켜먹어요.이번엔 알람도 맞춰놨는데 라방 또못봤네 하놔..,Monday
25-07-18,5.0,언제나 믿고마셔요  폭염에 시원하게 한캔,Friday
25-07-01,5.0,배송도 빠르고 좋아요,Tuesday
25-07-02,5.0,더운 여름에 회사에서 마시려고 구매했습니다. 가격이 저렴한 걸로 구매하고 싶었는데 가격도 저렴하고 한번 마시기 딱 좋은 크기라 좋습니다.,Wednesday
25-07-03,5.0,저렴하게 잘 구입했어요,Thursday
25-07-09,5.0,최소 10자 이상 쓰기,Wednesday
25-07-02,5.0,배송도 빠르게 오고 포장상태도 좋습니다!,Wednesday
25-07-01,5.0,배송빠르고 맛있어요,Tuesday
25-07-03,5.0,항상 잘 이용하고 있습니다.,Thursday
25-06-23,5.0,집에 구비해두면 든든합니다. 음식이랑 같이 먹기 딱 좋은 사이즈입니다.,Monday
25-07-05,5.0,빠른배송 만족합니다,Saturday
25-06-30,5.0,용량도 적당하고 저렴하게 구매했습니다,Monday
25-07-03,5.0,좋은가격에 잘 구매했습니다.,Thursday
25-06-25,5.0,로켓배송에 적당한 용량이라 부담없이 마시기 좋아요.,Wednesday
25-07-01,5.0,늦은 저녁 9시 정도에 받았지만 제품은 이상 없습니다,Tuesday
25-07-18,5.0,회사에서 여름에 주문해서 사먹는데 저렴하고 좋습니다.,Friday
25-07-03,5.0,맛있어서 재구매 합니다,Thursday
25-06-24,5.0,적당량을 먹기 좋은 사이즈입니다. 지속구매중입니다,Tuesday
25-07-06,5.0,계속 구매하고 있어요,Sunday
25-07-03,4.0,역시 콜카콜라 맛있어요,Thursday
25-07-03,5.0,코카콜라 너무 찾게되는 날씨네요,Thursday
25-06-30,5.0,향상 주문해서 먹는 제품입니다  좋아요,Monday
25-07-02,5.0,배송빠르고 좋아요,Wednesday
25-07-03,5.0,파손없이 와서 좋아요,Thursday
25-07-05,5.0,빠른 배송 감사요.,Saturday
25-07-05,5.0,갈증나고 답답할때 최고,Saturday
25-06-29,5.0,콜라는 역시 코카콜라 저렴해서 좋아요 많이파세요,Sunday
25-07-02,5.0,가게에서 쓰기 너무좋아요,Wednesday
25-07-06,5.0,맛잇고 시원하고 싸고,Sunday
25-06-27,5.0,작은 사이즈 이어서 땡길 때 많이 먹지 않고 적당한 사이즈 좋습니다.,Friday
25-06-27,5.0,늘 잘 먹고 있어요. 맛있어요.,Friday
25-07-20,5.0,배송도 빠르고 제품도 최고에요,Sunday
25-06-24,5.0,너무 비싸요. 그나마 인터넷이 저렴한데 해외랑 비교하면 체감이 크네요.,Tuesday
25-06-28,5.0,마트보다 훨씬 저렴하고 배송 진짜 빠름!!,Saturday
25-07-06,5.0,잘 마시도록 할게요,Sunday
25-07-02,5.0,너무 시원하고 맛있어욕,Wednesday
25-06-23,5.0,가격 배송 아주 좋은데 박스가 좀 얕아서 비닐 뜯으면 이동시 캔이 쏟아지네요,Monday
25-07-20,5.0,쟁여놓고 먹습니다  사이즈가 딱입니다,Sunday
25-06-24,5.0,작은 싸이즈라서 어머니 드리려고 구매했어요 양이 딱이네요,Tuesday
25-07-01,5.0,맛있어요ㅎ 이거만 먹어요ㅎㅎ,Tuesday
25-07-21,3.0,잘맞네요 상태도좋고,Monday
25-07-02,5.0,190미리 사이즈가 먹기 딱 조아요,Wednesday
25-07-13,5.0,날씨도 더워서 가끔 하나씩 먹을라고 했는데  야이 많아성 뿌듯하네요,Sunday
25-07-04,5.0,맛있게 먹고 있어요.,Friday
25-06-26,5.0,콜라 딱 이정도사이즈가 좋고 인터넷이 더 싸서 재구매해요,Thursday
25-07-02,5.0,배송빨라좋아요,Wednesday
25-07-16,5.0,좋아요 잘구매한거 같네용,Wednesday
25-07-04,5.0,코카콜라 맛있어요!!,Friday
25-06-17,5.0,좋아요 배송빠르고  작은사이즈라서 한번에 다마실수있어용,Tuesday
25-07-16,5.0,아들이 아주좋아해요 재구매할게요,Wednesday
25-07-01,5.0,코카콜라  맛있게 잘먹었습니다,Tuesday
25-07-03,5.0,코카콜라가 말이 필요한가요?,Thursday
25-07-02,5.0,미니 콜라가 먹기 편해서 주문했어요!,Wednesday
25-07-09,5.0,역시 더울때는 Coke,Wednesday
25-06-21,5.0,쟁여두고 마시는 콜라ㅎㅎ 배송 완전 빠르고 가격도 좋습니다,Saturday
25-06-24,5.0,콜라는 코카콜라.  크기도 적당해서 한번에 마시기 딱 좋아요.,Tuesday
25-06-28,5.0,배달 빠르고 너무 좋아요,Saturday
25-07-12,5.0,구매하고 나니 다른 사이트에서 3천원이나 더 저렴하게 판매해서 살짝 속상했지만 ㅋ잘 먹을께요,Saturday
25-06-30,5.0,없으면 안되는 우리집 필수템,Monday
25-06-28,5.0,여전히 배송이 상당히 빠르네요  좋아요,Saturday
25-06-13,5.0,작은 용량이 활용도가 높아서 손이 자주 갑니다. 배송도 빠르게 왔어요. 감사합니다.,Friday
25-07-17,5.0,코카콜라 맛있다! 자주시켜먹겠습니다.,Thursday
25-07-06,5.0,코카콜라 없인 못 살아 정말 못 살아!!,Sunday
25-07-01,5.0,이 사이즈가 먹기가 제일 좋아요,Tuesday
25-07-01,5.0,안전하게 잘 받았습니다,Tuesday
25-07-03,5.0,질받있습니디 많이파세요,Thursday
25-07-03,5.0,콜라는 항상 이곳 직영점에서..,Thursday
25-07-20,4.0,계속 시켜먹는데 맛있습니다,Sunday
25-07-03,5.0,항상 구매하는 제품입니다.,Thursday
25-06-19,4.0,전 콜라늘 소화제로 먹어요 막혔다 싶을때 한캔 먹으면 좋아져요,Thursday
25-06-29,5.0,빠른 배송 감사합니다,Sunday
25-06-26,5.0,배송도 진짜 빠르고 포장더 깔끔하게 와서 좋아여,Thursday
25-06-19,5.0,콜라를 좋아하는데 한번에 많이 먹지는 않는 편인데 사이즈가 작아 딱 좋아요,Thursday
25-06-25,5.0,늘 빠르게 배송와서 주기적으로 잘 마시고 있습니다,Wednesday
25-07-14,5.0,용량이 크지 않아 가지고 다니기도 편하고 한번씩 먹기 좋아요,Monday
25-06-23,5.0,저렴한 가격에 좋은 상품 구매해서 감사합니다,Monday
25-07-03,5.0,사무실에서 먹으려고 주문,Thursday
25-06-09,5.0,빠른배송꼼꼼한포장  190사이즈 딱좋아요 큰사이즈는먹다가많이남는데 혼자먹기좋은사이즈네요 쟁겨놓고먹어요,Monday
25-07-01,5.0,배송빠르게 잘받았습니다,Tuesday
25-07-04,5.0,잘 받았습니다,Friday
25-07-19,5.0,잘 받았습니다. 좋아요,Saturday
25-06-27,5.0,캔 이상없이 잘 받았어요,Friday
25-07-02,5.0,콜라는항상 여기서 시킵니다,Wednesday
